タイトル,価格
Patience,Â£10.16
In Her Wake,Â£12.84
Princess Between Worlds (Wide-Awake Princess #5),Â£13.34
"Princess Jellyfish 2-in-1 Omnibus, Vol. 01 (Princess Jellyfish 2-in-1 Omnibus #1)",Â£13.61
"Starving Hearts (Triangular Trade Trilogy, #1)",Â£13.99
"Mama Tried: Traditional Italian Cooking for the Screwed, Crude, Vegan, and Tattooed",Â£14.02
On a Midnight Clear,Â£14.07
Untitled Collection: Sabbath Poems 2014,Â£14.27
Obsidian (Lux #1),Â£14.86
"Outcast, Vol. 1: A Darkness Surrounds Him (Outcast #1)",Â£15.44
Sophie's World,Â£15.94
Tsubasa: WoRLD CHRoNiCLE 2 (Tsubasa WoRLD CHRoNiCLE #2),Â£16.28
The Life-Changing Magic of Tidying Up: The Japanese Art of Decluttering and Organizing,Â£16.77
Thirst,Â£17.27
Set Me Free,Â£17.46
The Four Agreements: A Practical Guide to Personal Freedom,Â£17.66
"The Coming Woman: A Novel Based on the Life of the Infamous Feminist, Victoria Woodhull",Â£17.93
Maude (1883-1993):She Grew Up with the country,Â£18.02
Unicorn Tracks,Â£18.78
"Pop Gun War, Volume 1: Gift",Â£18.97
The Torch Is Passed: A Harding Family Story,Â£19.09
This One Summer,Â£19.49
"In a Dark, Dark Wood",Â£19.63
The Age of Genius: The Seventeenth Century and the Birth of the Modern Mind,Â£19.73
Reskilling America: Learning to Labor in the Twenty-First Century,Â£19.83
Lumberjanes Vol. 3: A Terrible Plan (Lumberjanes #9-12),Â£19.92
"The Inefficiency Assassin: Time Management Tactics for Working Smarter, Not Longer",Â£20.59
Shakespeare's Sonnets,Â£20.66
In the Country We Love: My Family Divided,Â£22.00
America's Cradle of Quarterbacks: Western Pennsylvania's Football Factory from Johnny Unitas to Joe Montana,Â£22.50
The Boys in the Boat: Nine Americans and Their Epic Quest for Gold at the 1936 Berlin Olympics,Â£22.60
The Requiem Red,Â£22.65
#HigherSelfie: Wake Up Your Life. Free Your Soul. Find Your Tribe.,Â£23.11
The Elephant Tree,Â£23.82
Olio,Â£23.88
"The Mindfulness and Acceptance Workbook for Anxiety: A Guide to Breaking Free from Anxiety, Phobias, and Worry Using Acceptance and Commitment Therapy",Â£23.89
"Saga, Volume 6 (Saga (Collected Editions) #6)",Â£25.02
Chase Me (Paris Nights #2),Â£25.27
"Unbound: How Eight Technologies Made Us Human, Transformed Society, and Brought Our World to the Brink",Â£25.52
Reasons to Stay Alive,Â£26.41
"Foolproof Preserving: A Guide to Small Batch Jams, Jellies, Pickles, Condiments, and More: A Foolproof Guide to Making Small Batch Jams, Jellies, Pickles, Condiments, and More",Â£30.52
The Five Love Languages: How to Express Heartfelt Commitment to Your Mate,Â£31.05
Throwing Rocks at the Google Bus: How Growth Became the Enemy of Prosperity,Â£31.12
When We Collided,Â£31.77
The Activist's Tao Te Ching: Ancient Advice for a Modern Revolution,Â£32.24
Penny Maybe,Â£33.29
The Dirty Little Secrets of Getting Your Dream Job,Â£33.34
My Paris Kitchen: Recipes and Stories,Â£33.37
You can't bury them all: Poems,Â£33.63
Black Dust,Â£34.53
Rip it Up and Start Again,Â£35.02
Join,Â£35.67
"Political Suicide: Missteps, Peccadilloes, Bad Calls, Backroom Hijinx, Sordid Pasts, Rotten Breaks, and Just Plain Dumb Mistakes in the Annals of American Politics",Â£36.28
The Bear and the Piano,Â£36.89
The Gutsy Girl: Escapades for Your Life of Epic Adventure,Â£37.13
How Music Works,Â£37.32
Mesaerion: The Best Science Fiction Stories 1800-1849,Â£37.59
The Nameless City (The Nameless City #1),Â£38.16
Security,Â£39.25
Soul Reader,Â£39.58
"Layered: Baking, Building, and Styling Spectacular Cakes",Â£40.11
Worlds Elsewhere: Journeys Around Shakespeareâs Globe,Â£40.30
The Art Forger,Â£40.76
Spark Joy: An Illustrated Master Class on the Art of Organizing and Tidying Up,Â£41.83
The Most Perfect Thing: Inside (and Outside) a Bird's Egg,Â£42.96
Wall and Piece,Â£44.18
"Unseen City: The Majesty of Pigeons, the Discreet Charm of Snails & Other Wonders of the Urban Wilderness",Â£44.18
Without Borders (Wanderlove #1),Â£45.07
It's Only the Himalayas,Â£45.17
The Natural History of Us (The Fine Art of Pretending #2),Â£45.22
"Lumberjanes, Vol. 1: Beware the Kitten Holy (Lumberjanes #1-4)",Â£45.61
Online Marketing for Busy Authors: A Step-By-Step Guide,Â£46.35
"Lumberjanes, Vol. 2: Friendship to the Max (Lumberjanes #5-8)",Â£46.91
Private Paris (Private #10),Â£47.61
Sharp Objects,Â£47.82
orange: The Complete Collection 1 (orange: The Complete Collection #1),Â£48.41
"The Bulletproof Diet: Lose up to a Pound a Day, Reclaim Energy and Focus, Upgrade Your Life",Â£49.05
Soumission,Â£50.10
"We Love You, Charlie Freeman",Â£50.27
"Rat Queens, Vol. 3: Demons (Rat Queens (Collected Editions) #11-15)",Â£50.40
"Saga, Volume 5 (Saga (Collected Editions) #5)",Â£51.04
Libertarianism for Beginners,Â£51.33
A Light in the Attic,Â£51.77
The Black Maria,Â£52.15
Behind Closed Doors,Â£52.22
Scott Pilgrim's Precious Little Life (Scott Pilgrim #1),Â£52.29
Aladdin and His Wonderful Lamp,Â£53.13
Tipping the Velvet,Â£53.74
Judo: Seven Steps to Black Belt (an Introductory Guide for Beginners),Â£53.90
The Murder That Never Was (Forensic Instincts #5),Â£54.11
Sapiens: A Brief History of Humankind,Â£54.23
Birdsong: A Story in Pictures,Â£54.64
The Electric Pencil: Drawings from Inside State Hospital No. 3,Â£56.06
The Secret of Dreadwillow Carse,Â£56.13
Masks and Shadows,Â£56.40
"The Pioneer Woman Cooks: Dinnertime: Comfort Classics, Freezer Food, 16-Minute Meals, and Other Delicious Ways to Solve Supper!",Â£56.41
The Past Never Ends,Â£56.50
"Our Band Could Be Your Life: Scenes from the American Indie Underground, 1981-1991",Â£57.25
Slow States of Collapse: Poems,Â£57.31
The Death of Humanity: and the Case for Life,Â£58.11
